client_code,name,product,status,city,date,category,amount,currency
36,Назым,Депозит Мультивалютный,Зарплатный клиент,Усть-Каменогорск,2025-06-01 11:00:51,Играем дома,3866.38,KZT
36,Назым,Депозит Мультивалютный,Зарплатный клиент,Усть-Каменогорск,2025-06-01 11:20:29,Едим дома,2838.84,KZT
36,Назым,Депозит Мультивалютный,Зарплатный клиент,Усть-Каменогорск,2025-06-01 12:10:04,Продукты питания,9925.18,KZT
36,Назым,Депозит Мультивалютный,Зарплатный клиент,Усть-Каменогорск,2025-06-01 18:30:29,АЗС,24771.84,KZT
36,Назым,Депозит Мультивалютный,Зарплатный клиент,Усть-Каменогорск,2025-06-02 11:40:06,Кино,3728.28,KZT
36,Назым,Депозит Мультивалютный,Зарплатный клиент,Усть-Каменогорск,2025-06-02 12:10:31,Продукты питания,7395.73,KZT
36,Назым,Депозит Мультивалютный,Зарплатный клиент,Усть-Каменогорск,2025-06-02 21:50:38,Смотрим дома,3586.97,KZT
36,Назым,Депозит Мультивалютный,Зарплатный клиент,Усть-Каменогорск,2025-06-03 12:10:58,Продукты питания,10079.24,KZT
36,Назым,Депозит Мультивалютный,Зарплатный клиент,Усть-Каменогорск,2025-06-03 19:00:21,Такси,4224.19,KZT
36,Назым,Депозит Мультивалютный,Зарплатный клиент,Усть-Каменогорск,2025-06-04 12:10:37,Продукты питания,22169.47,KZT
36,Назым,Депозит Мультивалютный,Зарплатный клиент,Усть-Каменогорск,2025-06-04 12:30:22,Играем дома,3003.63,KZT
36,Назым,Депозит Мультивалютный,Зарплатный клиент,Усть-Каменогорск,2025-06-04 18:40:26,Кафе и рестораны,3222.16,KZT
36,Назым,Депозит Мультивалютный,Зарплатный клиент,Усть-Каменогорск,2025-06-05 13:40:14,Едим дома,3032.99,KZT
36,Назым,Депозит Мультивалютный,Зарплатный клиент,Усть-Каменогорск,2025-06-05 18:30:29,АЗС,15627.13,KZT
36,Назым,Депозит Мультивалютный,Зарплатный клиент,Усть-Каменогорск,2025-06-06 09:15:46,Такси,6776.56,KZT
36,Назым,Депозит Мультивалютный,Зарплатный клиент,Усть-Каменогорск,2025-06-06 10:40:08,Кино,4205.7,KZT
36,Назым,Депозит Мультивалютный,Зарплатный клиент,Усть-Каменогорск,2025-06-06 19:00:30,Кафе и рестораны,8934.65,KZT
36,Назым,Депозит Мультивалютный,Зарплатный клиент,Усть-Каменогорск,2025-06-08 09:50:43,Кино,3233.1,KZT
36,Назым,Депозит Мультивалютный,Зарплатный клиент,Усть-Каменогорск,2025-06-08 12:10:53,Продукты питания,15046.81,KZT
36,Назым,Депозит Мультивалютный,Зарплатный клиент,Усть-Каменогорск,2025-06-08 13:00:29,Кино,7796.62,KZT
36,Назым,Депозит Мультивалютный,Зарплатный клиент,Усть-Каменогорск,2025-06-08 15:20:21,Кино,4072.89,KZT
36,Назым,Депозит Мультивалютный,Зарплатный клиент,Усть-Каменогорск,2025-06-08 21:40:29,Смотрим дома,5351.59,KZT
36,Назым,Депозит Мультивалютный,Зарплатный клиент,Усть-Каменогорск,2025-06-09 09:15:47,Такси,2789.93,KZT
36,Назым,Депозит Мультивалютный,Зарплатный клиент,Усть-Каменогорск,2025-06-09 11:10:20,Смотрим дома,6150.84,KZT
36,Назым,Депозит Мультивалютный,Зарплатный клиент,Усть-Каменогорск,2025-06-09 13:30:14,Смотрим дома,5081.6,KZT
36,Назым,Депозит Мультивалютный,Зарплатный клиент,Усть-Каменогорск,2025-06-09 17:20:01,Смотрим дома,3924.09,KZT
36,Назым,Депозит Мультивалютный,Зарплатный клиент,Усть-Каменогорск,2025-06-11 19:00:17,Кафе и рестораны,5372.61,KZT
36,Назым,Депозит Мультивалютный,Зарплатный клиент,Усть-Каменогорск,2025-06-12 13:40:03,Смотрим дома,2996.88,KZT
36,Назым,Депозит Мультивалютный,Зарплатный клиент,Усть-Каменогорск,2025-06-12 18:30:39,АЗС,12894.36,KZT
36,Назым,Депозит Мультивалютный,Зарплатный клиент,Усть-Каменогорск,2025-06-13 09:15:49,Такси,6602.24,KZT
36,Назым,Депозит Мультивалютный,Зарплатный клиент,Усть-Каменогорск,2025-06-13 12:10:10,Продукты питания,16859.64,KZT
36,Назым,Депозит Мультивалютный,Зарплатный клиент,Усть-Каменогорск,2025-06-13 17:10:56,Едим дома,5683.82,KZT
36,Назым,Депозит Мультивалютный,Зарплатный клиент,Усть-Каменогорск,2025-06-14 15:00:33,Такси,4432.34,KZT
36,Назым,Депозит Мультивалютный,Зарплатный клиент,Усть-Каменогорск,2025-06-14 16:30:32,Такси,3680.13,KZT
36,Назым,Депозит Мультивалютный,Зарплатный клиент,Усть-Каменогорск,2025-06-14 19:00:15,Кафе и рестораны,11539.75,KZT
36,Назым,Депозит Мультивалютный,Зарплатный клиент,Усть-Каменогорск,2025-06-14 21:20:00,Кафе и рестораны,4907.97,KZT
36,Назым,Депозит Мультивалютный,Зарплатный клиент,Усть-Каменогорск,2025-06-14 21:20:24,Кино,4614.99,KZT
36,Назым,Депозит Мультивалютный,Зарплатный клиент,Усть-Каменогорск,2025-06-15 12:10:27,Продукты питания,11252.04,KZT
36,Назым,Депозит Мультивалютный,Зарплатный клиент,Усть-Каменогорск,2025-06-16 09:15:24,Такси,2324.45,KZT
36,Назым,Депозит Мультивалютный,Зарплатный клиент,Усть-Каменогорск,2025-06-16 11:30:00,Едим дома,5660.71,KZT
36,Назым,Депозит Мультивалютный,Зарплатный клиент,Усть-Каменогорск,2025-06-16 13:00:44,Кафе и рестораны,3669.65,KZT
36,Назым,Депозит Мультивалютный,Зарплатный клиент,Усть-Каменогорск,2025-06-16 15:40:09,Играем дома,3518.79,KZT
36,Назым,Депозит Мультивалютный,Зарплатный клиент,Усть-Каменогорск,2025-06-16 21:40:11,Кино,6762.24,KZT
36,Назым,Депозит Мультивалютный,Зарплатный клиент,Усть-Каменогорск,2025-06-17 09:15:54,Такси,4404.68,KZT
36,Назым,Депозит Мультивалютный,Зарплатный клиент,Усть-Каменогорск,2025-06-17 12:10:39,Продукты питания,41665.71,KZT
36,Назым,Депозит Мультивалютный,Зарплатный клиент,Усть-Каменогорск,2025-06-17 14:00:04,Кафе и рестораны,8635.1,KZT
36,Назым,Депозит Мультивалютный,Зарплатный клиент,Усть-Каменогорск,2025-06-17 14:50:01,Играем дома,6214.09,KZT
36,Назым,Депозит Мультивалютный,Зарплатный клиент,Усть-Каменогорск,2025-06-17 16:00:30,Кафе и рестораны,5656.74,KZT
36,Назым,Депозит Мультивалютный,Зарплатный клиент,Усть-Каменогорск,2025-06-17 21:20:52,Едим дома,5037.98,KZT
36,Назым,Депозит Мультивалютный,Зарплатный клиент,Усть-Каменогорск,2025-06-18 12:10:47,Продукты питания,11866.28,KZT
36,Назым,Депозит Мультивалютный,Зарплатный клиент,Усть-Каменогорск,2025-06-18 14:10:07,Смотрим дома,4550.22,KZT
36,Назым,Депозит Мультивалютный,Зарплатный клиент,Усть-Каменогорск,2025-06-18 17:20:04,Едим дома,4293.74,KZT
36,Назым,Депозит Мультивалютный,Зарплатный клиент,Усть-Каменогорск,2025-06-18 20:10:45,Играем дома,5287.9,KZT
36,Назым,Депозит Мультивалютный,Зарплатный клиент,Усть-Каменогорск,2025-06-19 09:15:15,Такси,5320.0,KZT
36,Назым,Депозит Мультивалютный,Зарплатный клиент,Усть-Каменогорск,2025-06-19 12:10:11,Продукты питания,54353.02,KZT
36,Назым,Депозит Мультивалютный,Зарплатный клиент,Усть-Каменогорск,2025-06-19 19:00:09,Кафе и рестораны,5468.79,KZT
36,Назым,Депозит Мультивалютный,Зарплатный клиент,Усть-Каменогорск,2025-06-19 20:40:27,Такси,5407.93,KZT
36,Назым,Депозит Мультивалютный,Зарплатный клиент,Усть-Каменогорск,2025-06-20 09:10:34,Играем дома,4086.23,KZT
36,Назым,Депозит Мультивалютный,Зарплатный клиент,Усть-Каменогорск,2025-06-20 12:10:27,Продукты питания,13048.14,KZT
36,Назым,Депозит Мультивалютный,Зарплатный клиент,Усть-Каменогорск,2025-06-20 15:10:49,Смотрим дома,4388.55,KZT
36,Назым,Депозит Мультивалютный,Зарплатный клиент,Усть-Каменогорск,2025-06-20 16:10:01,Играем дома,3662.64,KZT
36,Назым,Депозит Мультивалютный,Зарплатный клиент,Усть-Каменогорск,2025-06-20 17:40:32,Кафе и рестораны,4528.52,KZT
36,Назым,Депозит Мультивалютный,Зарплатный клиент,Усть-Каменогорск,2025-06-20 19:00:12,Кафе и рестораны,15562.08,KZT
36,Назым,Депозит Мультивалютный,Зарплатный клиент,Усть-Каменогорск,2025-06-21 12:10:19,Продукты питания,8711.59,KZT
36,Назым,Депозит Мультивалютный,Зарплатный клиент,Усть-Каменогорск,2025-06-21 12:20:28,Едим дома,8730.62,KZT
36,Назым,Депозит Мультивалютный,Зарплатный клиент,Усть-Каменогорск,2025-06-21 19:00:30,Кафе и рестораны,10428.74,KZT
36,Назым,Депозит Мультивалютный,Зарплатный клиент,Усть-Каменогорск,2025-06-22 11:40:03,Кино,4854.99,KZT
36,Назым,Депозит Мультивалютный,Зарплатный клиент,Усть-Каменогорск,2025-06-22 12:10:40,Продукты питания,8770.06,KZT
36,Назым,Депозит Мультивалютный,Зарплатный клиент,Усть-Каменогорск,2025-06-22 16:30:36,Кино,4244.9,KZT
36,Назым,Депозит Мультивалютный,Зарплатный клиент,Усть-Каменогорск,2025-06-22 19:00:44,Кафе и рестораны,12814.0,KZT
36,Назым,Депозит Мультивалютный,Зарплатный клиент,Усть-Каменогорск,2025-06-23 12:10:20,Едим дома,6118.35,KZT
36,Назым,Депозит Мультивалютный,Зарплатный клиент,Усть-Каменогорск,2025-06-23 14:50:40,Играем дома,6198.03,KZT
36,Назым,Депозит Мультивалютный,Зарплатный клиент,Усть-Каменогорск,2025-06-23 18:30:08,АЗС,9030.94,KZT
36,Назым,Депозит Мультивалютный,Зарплатный клиент,Усть-Каменогорск,2025-06-23 18:30:16,Кафе и рестораны,4988.51,KZT
36,Назым,Депозит Мультивалютный,Зарплатный клиент,Усть-Каменогорск,2025-06-23 20:50:56,Едим дома,7341.58,KZT
36,Назым,Депозит Мультивалютный,Зарплатный клиент,Усть-Каменогорск,2025-06-24 13:20:58,Кафе и рестораны,6650.31,KZT
36,Назым,Депозит Мультивалютный,Зарплатный клиент,Усть-Каменогорск,2025-06-24 16:20:36,Такси,4743.87,KZT
36,Назым,Депозит Мультивалютный,Зарплатный клиент,Усть-Каменогорск,2025-06-24 17:00:19,Кафе и рестораны,4436.11,KZT
36,Назым,Депозит Мультивалютный,Зарплатный клиент,Усть-Каменогорск,2025-06-24 19:00:50,Кафе и рестораны,10510.2,KZT
36,Назым,Депозит Мультивалютный,Зарплатный клиент,Усть-Каменогорск,2025-06-24 19:20:09,Кафе и рестораны,7936.22,KZT
36,Назым,Депозит Мультивалютный,Зарплатный клиент,Усть-Каменогорск,2025-06-25 10:40:41,Едим дома,4976.72,KZT
36,Назым,Депозит Мультивалютный,Зарплатный клиент,Усть-Каменогорск,2025-06-25 12:10:49,Продукты питания,21623.22,KZT
36,Назым,Депозит Мультивалютный,Зарплатный клиент,Усть-Каменогорск,2025-06-25 18:30:39,АЗС,11904.71,KZT
36,Назым,Депозит Мультивалютный,Зарплатный клиент,Усть-Каменогорск,2025-06-25 19:00:53,Кафе и рестораны,5078.8,KZT
36,Назым,Депозит Мультивалютный,Зарплатный клиент,Усть-Каменогорск,2025-06-25 20:10:48,Едим дома,4712.4,KZT
36,Назым,Депозит Мультивалютный,Зарплатный клиент,Усть-Каменогорск,2025-06-26 10:40:31,Кино,4445.04,KZT
36,Назым,Депозит Мультивалютный,Зарплатный клиент,Усть-Каменогорск,2025-06-26 19:00:28,Кафе и рестораны,6880.43,KZT
36,Назым,Депозит Мультивалютный,Зарплатный клиент,Усть-Каменогорск,2025-06-26 21:10:46,Едим дома,5573.06,KZT
36,Назым,Депозит Мультивалютный,Зарплатный клиент,Усть-Каменогорск,2025-06-27 09:40:55,Играем дома,8234.38,KZT
36,Назым,Депозит Мультивалютный,Зарплатный клиент,Усть-Каменогорск,2025-06-27 12:10:21,Продукты питания,12968.02,KZT
36,Назым,Депозит Мультивалютный,Зарплатный клиент,Усть-Каменогорск,2025-06-27 15:00:29,Такси,5428.24,KZT
36,Назым,Депозит Мультивалютный,Зарплатный клиент,Усть-Каменогорск,2025-06-27 19:00:29,Кафе и рестораны,9383.52,KZT
36,Назым,Депозит Мультивалютный,Зарплатный клиент,Усть-Каменогорск,2025-06-28 12:10:49,Продукты питания,8329.9,KZT
36,Назым,Депозит Мультивалютный,Зарплатный клиент,Усть-Каменогорск,2025-06-29 09:15:14,Такси,4141.07,KZT
36,Назым,Депозит Мультивалютный,Зарплатный клиент,Усть-Каменогорск,2025-06-29 12:10:01,Продукты питания,8396.23,KZT
36,Назым,Депозит Мультивалютный,Зарплатный клиент,Усть-Каменогорск,2025-06-29 15:00:30,Играем дома,5608.68,KZT
36,Назым,Депозит Мультивалютный,Зарплатный клиент,Усть-Каменогорск,2025-06-29 17:30:16,Кино,3662.36,KZT
36,Назым,Депозит Мультивалютный,Зарплатный клиент,Усть-Каменогорск,2025-06-30 12:10:40,Продукты питания,20245.34,KZT
36,Назым,Депозит Мультивалютный,Зарплатный клиент,Усть-Каменогорск,2025-06-30 18:40:04,Играем дома,5103.79,KZT
36,Назым,Депозит Мультивалютный,Зарплатный клиент,Усть-Каменогорск,2025-06-30 21:00:06,Кафе и рестораны,6345.28,KZT
36,Назым,Депозит Мультивалютный,Зарплатный клиент,Усть-Каменогорск,2025-07-01 09:15:27,Такси,2822.85,KZT
36,Назым,Депозит Мультивалютный,Зарплатный клиент,Усть-Каменогорск,2025-07-01 09:40:51,Такси,4843.09,KZT
36,Назым,Депозит Мультивалютный,Зарплатный клиент,Усть-Каменогорск,2025-07-01 11:00:59,Такси,3731.86,KZT
36,Назым,Депозит Мультивалютный,Зарплатный клиент,Усть-Каменогорск,2025-07-01 12:10:56,Продукты питания,11503.0,KZT
36,Назым,Депозит Мультивалютный,Зарплатный клиент,Усть-Каменогорск,2025-07-01 14:20:51,Играем дома,5971.03,KZT
36,Назым,Депозит Мультивалютный,Зарплатный клиент,Усть-Каменогорск,2025-07-01 18:20:18,Едим дома,4278.5,KZT
36,Назым,Депозит Мультивалютный,Зарплатный клиент,Усть-Каменогорск,2025-07-01 20:30:20,Едим дома,4014.92,KZT
36,Назым,Депозит Мультивалютный,Зарплатный клиент,Усть-Каменогорск,2025-07-02 16:20:45,Такси,4219.92,KZT
36,Назым,Депозит Мультивалютный,Зарплатный клиент,Усть-Каменогорск,2025-07-02 16:40:33,Такси,5664.48,KZT
36,Назым,Депозит Мультивалютный,Зарплатный клиент,Усть-Каменогорск,2025-07-02 19:00:55,Кафе и рестораны,6906.59,KZT
36,Назым,Депозит Мультивалютный,Зарплатный клиент,Усть-Каменогорск,2025-07-02 20:40:27,Кино,5248.9,KZT
36,Назым,Депозит Мультивалютный,Зарплатный клиент,Усть-Каменогорск,2025-07-02 21:20:49,Кафе и рестораны,3765.64,KZT
36,Назым,Депозит Мультивалютный,Зарплатный клиент,Усть-Каменогорск,2025-07-03 08:10:26,Играем дома,4910.91,KZT
36,Назым,Депозит Мультивалютный,Зарплатный клиент,Усть-Каменогорск,2025-07-03 10:10:47,Кино,3074.24,KZT
36,Назым,Депозит Мультивалютный,Зарплатный клиент,Усть-Каменогорск,2025-07-03 12:10:03,Продукты питания,13088.39,KZT
36,Назым,Депозит Мультивалютный,Зарплатный клиент,Усть-Каменогорск,2025-07-03 19:00:00,Кафе и рестораны,6019.48,KZT
36,Назым,Депозит Мультивалютный,Зарплатный клиент,Усть-Каменогорск,2025-07-04 09:10:44,Смотрим дома,5903.1,KZT
36,Назым,Депозит Мультивалютный,Зарплатный клиент,Усть-Каменогорск,2025-07-04 09:15:27,Такси,5046.43,KZT
36,Назым,Депозит Мультивалютный,Зарплатный клиент,Усть-Каменогорск,2025-07-04 10:30:40,Играем дома,4359.88,KZT
36,Назым,Депозит Мультивалютный,Зарплатный клиент,Усть-Каменогорск,2025-07-04 19:00:41,Кафе и рестораны,4969.36,KZT
36,Назым,Депозит Мультивалютный,Зарплатный клиент,Усть-Каменогорск,2025-07-05 12:10:01,Продукты питания,7553.26,KZT
36,Назым,Депозит Мультивалютный,Зарплатный клиент,Усть-Каменогорск,2025-07-05 17:10:49,Кафе и рестораны,4774.96,KZT
36,Назым,Депозит Мультивалютный,Зарплатный клиент,Усть-Каменогорск,2025-07-05 19:00:23,Кафе и рестораны,10720.78,KZT
36,Назым,Депозит Мультивалютный,Зарплатный клиент,Усть-Каменогорск,2025-07-05 19:40:45,Едим дома,6355.35,KZT
36,Назым,Депозит Мультивалютный,Зарплатный клиент,Усть-Каменогорск,2025-07-06 09:15:16,Такси,4129.32,KZT
36,Назым,Депозит Мультивалютный,Зарплатный клиент,Усть-Каменогорск,2025-07-06 12:10:48,Продукты питания,10755.26,KZT
36,Назым,Депозит Мультивалютный,Зарплатный клиент,Усть-Каменогорск,2025-07-06 14:20:39,Смотрим дома,3806.02,KZT
36,Назым,Депозит Мультивалютный,Зарплатный клиент,Усть-Каменогорск,2025-07-06 17:20:23,Играем дома,2543.02,KZT
36,Назым,Депозит Мультивалютный,Зарплатный клиент,Усть-Каменогорск,2025-07-06 18:30:33,Едим дома,4918.08,KZT
36,Назым,Депозит Мультивалютный,Зарплатный клиент,Усть-Каменогорск,2025-07-06 19:00:36,Едим дома,1929.08,KZT
36,Назым,Депозит Мультивалютный,Зарплатный клиент,Усть-Каменогорск,2025-07-06 20:50:16,Играем дома,5567.16,KZT
36,Назым,Депозит Мультивалютный,Зарплатный клиент,Усть-Каменогорск,2025-07-07 08:20:41,Кафе и рестораны,8805.53,KZT
36,Назым,Депозит Мультивалютный,Зарплатный клиент,Усть-Каменогорск,2025-07-07 12:10:03,Продукты питания,9678.22,KZT
36,Назым,Депозит Мультивалютный,Зарплатный клиент,Усть-Каменогорск,2025-07-07 13:30:43,Такси,7326.22,KZT
36,Назым,Депозит Мультивалютный,Зарплатный клиент,Усть-Каменогорск,2025-07-09 11:20:00,Кафе и рестораны,5346.49,KZT
36,Назым,Депозит Мультивалютный,Зарплатный клиент,Усть-Каменогорск,2025-07-09 12:10:28,Продукты питания,6102.99,KZT
36,Назым,Депозит Мультивалютный,Зарплатный клиент,Усть-Каменогорск,2025-07-09 19:00:30,Кафе и рестораны,16331.8,KZT
36,Назым,Депозит Мультивалютный,Зарплатный клиент,Усть-Каменогорск,2025-07-09 20:40:12,Такси,6365.35,KZT
36,Назым,Депозит Мультивалютный,Зарплатный клиент,Усть-Каменогорск,2025-07-10 19:00:50,Кафе и рестораны,11095.35,KZT
36,Назым,Депозит Мультивалютный,Зарплатный клиент,Усть-Каменогорск,2025-07-10 20:30:56,Смотрим дома,5710.18,KZT
36,Назым,Депозит Мультивалютный,Зарплатный клиент,Усть-Каменогорск,2025-07-11 10:20:44,Играем дома,6905.8,KZT
36,Назым,Депозит Мультивалютный,Зарплатный клиент,Усть-Каменогорск,2025-07-11 19:00:15,Кафе и рестораны,20465.17,KZT
36,Назым,Депозит Мультивалютный,Зарплатный клиент,Усть-Каменогорск,2025-07-12 09:15:31,Такси,6194.09,KZT
36,Назым,Депозит Мультивалютный,Зарплатный клиент,Усть-Каменогорск,2025-07-12 13:10:21,Смотрим дома,6916.57,KZT
36,Назым,Депозит Мультивалютный,Зарплатный клиент,Усть-Каменогорск,2025-07-12 15:00:18,Едим дома,6189.7,KZT
36,Назым,Депозит Мультивалютный,Зарплатный клиент,Усть-Каменогорск,2025-07-13 10:20:16,Едим дома,2684.91,KZT
36,Назым,Депозит Мультивалютный,Зарплатный клиент,Усть-Каменогорск,2025-07-13 12:10:05,Продукты питания,21589.27,KZT
36,Назым,Депозит Мультивалютный,Зарплатный клиент,Усть-Каменогорск,2025-07-13 17:50:47,Играем дома,4287.72,KZT
36,Назым,Депозит Мультивалютный,Зарплатный клиент,Усть-Каменогорск,2025-07-14 09:15:32,Такси,5192.27,KZT
36,Назым,Депозит Мультивалютный,Зарплатный клиент,Усть-Каменогорск,2025-07-14 12:10:47,Продукты питания,6396.63,KZT
36,Назым,Депозит Мультивалютный,Зарплатный клиент,Усть-Каменогорск,2025-07-16 12:10:16,Продукты питания,11031.78,KZT
36,Назым,Депозит Мультивалютный,Зарплатный клиент,Усть-Каменогорск,2025-07-17 12:00:23,Такси,5341.11,KZT
36,Назым,Депозит Мультивалютный,Зарплатный клиент,Усть-Каменогорск,2025-07-17 12:10:56,Продукты питания,12112.72,KZT
36,Назым,Депозит Мультивалютный,Зарплатный клиент,Усть-Каменогорск,2025-07-17 13:20:46,Играем дома,2984.52,KZT
36,Назым,Депозит Мультивалютный,Зарплатный клиент,Усть-Каменогорск,2025-07-17 15:40:01,Играем дома,2456.24,KZT
36,Назым,Депозит Мультивалютный,Зарплатный клиент,Усть-Каменогорск,2025-07-17 16:00:32,Такси,4831.71,KZT
36,Назым,Депозит Мультивалютный,Зарплатный клиент,Усть-Каменогорск,2025-07-17 16:50:13,Такси,4428.46,KZT
36,Назым,Депозит Мультивалютный,Зарплатный клиент,Усть-Каменогорск,2025-07-17 20:00:53,Кино,6774.86,KZT
36,Назым,Депозит Мультивалютный,Зарплатный клиент,Усть-Каменогорск,2025-07-18 12:10:22,Продукты питания,13796.55,KZT
36,Назым,Депозит Мультивалютный,Зарплатный клиент,Усть-Каменогорск,2025-07-18 14:20:28,Играем дома,4678.01,KZT
36,Назым,Депозит Мультивалютный,Зарплатный клиент,Усть-Каменогорск,2025-07-18 14:50:23,Играем дома,5133.45,KZT
36,Назым,Депозит Мультивалютный,Зарплатный клиент,Усть-Каменогорск,2025-07-18 19:00:42,Кафе и рестораны,4723.06,KZT
36,Назым,Депозит Мультивалютный,Зарплатный клиент,Усть-Каменогорск,2025-07-18 19:50:18,Едим дома,8520.3,KZT
36,Назым,Депозит Мультивалютный,Зарплатный клиент,Усть-Каменогорск,2025-07-19 12:10:20,Продукты питания,17884.43,KZT
36,Назым,Депозит Мультивалютный,Зарплатный клиент,Усть-Каменогорск,2025-07-20 09:15:32,Такси,5598.33,KZT
36,Назым,Депозит Мультивалютный,Зарплатный клиент,Усть-Каменогорск,2025-07-20 12:10:15,Продукты питания,19943.56,KZT
36,Назым,Депозит Мультивалютный,Зарплатный клиент,Усть-Каменогорск,2025-07-20 14:30:29,Едим дома,4638.13,KZT
36,Назым,Депозит Мультивалютный,Зарплатный клиент,Усть-Каменогорск,2025-07-20 17:00:02,Смотрим дома,7151.24,KZT
36,Назым,Депозит Мультивалютный,Зарплатный клиент,Усть-Каменогорск,2025-07-20 20:10:36,Такси,3082.37,KZT
36,Назым,Депозит Мультивалютный,Зарплатный клиент,Усть-Каменогорск,2025-07-21 08:20:35,Кино,7766.0,KZT
36,Назым,Депозит Мультивалютный,Зарплатный клиент,Усть-Каменогорск,2025-07-21 08:50:58,Играем дома,5937.78,KZT
36,Назым,Депозит Мультивалютный,Зарплатный клиент,Усть-Каменогорск,2025-07-21 10:20:15,Смотрим дома,5805.09,KZT
36,Назым,Депозит Мультивалютный,Зарплатный клиент,Усть-Каменогорск,2025-07-21 11:40:04,Кино,3241.73,KZT
36,Назым,Депозит Мультивалютный,Зарплатный клиент,Усть-Каменогорск,2025-07-21 12:10:20,Продукты питания,10804.59,KZT
36,Назым,Депозит Мультивалютный,Зарплатный клиент,Усть-Каменогорск,2025-07-21 14:30:16,Смотрим дома,4487.33,KZT
36,Назым,Депозит Мультивалютный,Зарплатный клиент,Усть-Каменогорск,2025-07-22 12:00:45,Смотрим дома,6776.84,KZT
36,Назым,Депозит Мультивалютный,Зарплатный клиент,Усть-Каменогорск,2025-07-22 12:10:59,Продукты питания,18316.75,KZT
36,Назым,Депозит Мультивалютный,Зарплатный клиент,Усть-Каменогорск,2025-07-22 14:40:42,Смотрим дома,6826.31,KZT
36,Назым,Депозит Мультивалютный,Зарплатный клиент,Усть-Каменогорск,2025-07-22 19:30:42,Смотрим дома,3907.83,KZT
36,Назым,Депозит Мультивалютный,Зарплатный клиент,Усть-Каменогорск,2025-07-23 13:10:17,Играем дома,4591.28,KZT
36,Назым,Депозит Мультивалютный,Зарплатный клиент,Усть-Каменогорск,2025-07-23 18:20:17,Кино,11774.91,KZT
36,Назым,Депозит Мультивалютный,Зарплатный клиент,Усть-Каменогорск,2025-07-23 19:00:47,Кафе и рестораны,7330.38,KZT
36,Назым,Депозит Мультивалютный,Зарплатный клиент,Усть-Каменогорск,2025-07-24 12:50:56,Играем дома,4415.41,KZT
36,Назым,Депозит Мультивалютный,Зарплатный клиент,Усть-Каменогорск,2025-07-24 18:30:43,АЗС,14509.4,KZT
36,Назым,Депозит Мультивалютный,Зарплатный клиент,Усть-Каменогорск,2025-07-24 21:40:27,Смотрим дома,4279.33,KZT
36,Назым,Депозит Мультивалютный,Зарплатный клиент,Усть-Каменогорск,2025-07-25 12:10:57,Продукты питания,8402.97,KZT
36,Назым,Депозит Мультивалютный,Зарплатный клиент,Усть-Каменогорск,2025-07-25 17:30:43,Такси,7306.32,KZT
36,Назым,Депозит Мультивалютный,Зарплатный клиент,Усть-Каменогорск,2025-07-25 17:30:59,Играем дома,5946.09,KZT
36,Назым,Депозит Мультивалютный,Зарплатный клиент,Усть-Каменогорск,2025-07-25 20:00:35,Смотрим дома,4632.86,KZT
36,Назым,Депозит Мультивалютный,Зарплатный клиент,Усть-Каменогорск,2025-07-25 20:10:59,Едим дома,3524.23,KZT
36,Назым,Депозит Мультивалютный,Зарплатный клиент,Усть-Каменогорск,2025-07-26 09:15:03,Такси,6310.12,KZT
36,Назым,Депозит Мультивалютный,Зарплатный клиент,Усть-Каменогорск,2025-07-26 12:10:41,Продукты питания,12234.25,KZT
36,Назым,Депозит Мультивалютный,Зарплатный клиент,Усть-Каменогорск,2025-07-26 15:30:00,Такси,1984.06,KZT
36,Назым,Депозит Мультивалютный,Зарплатный клиент,Усть-Каменогорск,2025-07-26 19:00:30,Смотрим дома,5145.11,KZT
36,Назым,Депозит Мультивалютный,Зарплатный клиент,Усть-Каменогорск,2025-07-26 20:10:02,Кино,3749.31,KZT
36,Назым,Депозит Мультивалютный,Зарплатный клиент,Усть-Каменогорск,2025-07-31 09:15:57,Такси,4038.22,KZT
36,Назым,Депозит Мультивалютный,Зарплатный клиент,Усть-Каменогорск,2025-07-31 16:10:01,Играем дома,3255.77,KZT
36,Назым,Депозит Мультивалютный,Зарплатный клиент,Усть-Каменогорск,2025-07-31 17:30:11,Кино,3301.6,KZT
36,Назым,Депозит Мультивалютный,Зарплатный клиент,Усть-Каменогорск,2025-07-31 19:00:53,Кафе и рестораны,4068.66,KZT
36,Назым,Депозит Мультивалютный,Зарплатный клиент,Усть-Каменогорск,2025-07-31 21:10:55,Такси,4030.34,KZT
36,Назым,Депозит Мультивалютный,Зарплатный клиент,Усть-Каменогорск,2025-08-02 08:30:56,Кино,4282.64,KZT
36,Назым,Депозит Мультивалютный,Зарплатный клиент,Усть-Каменогорск,2025-08-02 09:15:26,Такси,6770.54,KZT
36,Назым,Депозит Мультивалютный,Зарплатный клиент,Усть-Каменогорск,2025-08-02 12:10:23,Продукты питания,3982.89,KZT
36,Назым,Депозит Мультивалютный,Зарплатный клиент,Усть-Каменогорск,2025-08-02 13:50:33,Кафе и рестораны,7449.42,KZT
36,Назым,Депозит Мультивалютный,Зарплатный клиент,Усть-Каменогорск,2025-08-02 15:50:36,Кино,3447.16,KZT
36,Назым,Депозит Мультивалютный,Зарплатный клиент,Усть-Каменогорск,2025-08-02 19:20:21,Играем дома,5246.51,KZT
36,Назым,Депозит Мультивалютный,Зарплатный клиент,Усть-Каменогорск,2025-08-03 09:15:22,Такси,5397.12,KZT
36,Назым,Депозит Мультивалютный,Зарплатный клиент,Усть-Каменогорск,2025-08-03 13:40:09,Смотрим дома,6000.47,KZT
36,Назым,Депозит Мультивалютный,Зарплатный клиент,Усть-Каменогорск,2025-08-03 16:30:01,Едим дома,5010.0,KZT
36,Назым,Депозит Мультивалютный,Зарплатный клиент,Усть-Каменогорск,2025-08-03 17:10:13,Такси,3207.96,KZT
36,Назым,Депозит Мультивалютный,Зарплатный клиент,Усть-Каменогорск,2025-08-03 19:00:24,Кафе и рестораны,7849.49,KZT
36,Назым,Депозит Мультивалютный,Зарплатный клиент,Усть-Каменогорск,2025-08-03 20:10:44,Кафе и рестораны,5309.67,KZT
36,Назым,Депозит Мультивалютный,Зарплатный клиент,Усть-Каменогорск,2025-08-04 10:30:59,Такси,4581.73,KZT
36,Назым,Депозит Мультивалютный,Зарплатный клиент,Усть-Каменогорск,2025-08-04 12:10:32,Продукты питания,16922.27,KZT
36,Назым,Депозит Мультивалютный,Зарплатный клиент,Усть-Каменогорск,2025-08-04 16:30:30,Едим дома,3847.1,KZT
36,Назым,Депозит Мультивалютный,Зарплатный клиент,Усть-Каменогорск,2025-08-04 17:00:46,Едим дома,4649.8,KZT
36,Назым,Депозит Мультивалютный,Зарплатный клиент,Усть-Каменогорск,2025-08-04 18:50:12,Смотрим дома,3618.61,KZT
36,Назым,Депозит Мультивалютный,Зарплатный клиент,Усть-Каменогорск,2025-08-04 20:50:29,Смотрим дома,8201.95,KZT
36,Назым,Депозит Мультивалютный,Зарплатный клиент,Усть-Каменогорск,2025-08-04 21:00:24,Кафе и рестораны,4933.62,KZT
36,Назым,Депозит Мультивалютный,Зарплатный клиент,Усть-Каменогорск,2025-08-05 11:20:14,Кафе и рестораны,2908.29,KZT
36,Назым,Депозит Мультивалютный,Зарплатный клиент,Усть-Каменогорск,2025-08-05 12:10:23,Продукты питания,7735.47,KZT
36,Назым,Депозит Мультивалютный,Зарплатный клиент,Усть-Каменогорск,2025-08-05 13:10:43,Смотрим дома,6721.55,KZT
36,Назым,Депозит Мультивалютный,Зарплатный клиент,Усть-Каменогорск,2025-08-05 14:20:35,Такси,5888.57,KZT
36,Назым,Депозит Мультивалютный,Зарплатный клиент,Усть-Каменогорск,2025-08-05 21:30:12,Едим дома,5503.73,KZT
36,Назым,Депозит Мультивалютный,Зарплатный клиент,Усть-Каменогорск,2025-08-06 09:00:12,Кино,7963.92,KZT
36,Назым,Депозит Мультивалютный,Зарплатный клиент,Усть-Каменогорск,2025-08-06 10:20:11,Такси,5522.54,KZT
36,Назым,Депозит Мультивалютный,Зарплатный клиент,Усть-Каменогорск,2025-08-06 10:20:15,Такси,6228.23,KZT
36,Назым,Депозит Мультивалютный,Зарплатный клиент,Усть-Каменогорск,2025-08-06 12:10:52,Продукты питания,11842.91,KZT
36,Назым,Депозит Мультивалютный,Зарплатный клиент,Усть-Каменогорск,2025-08-06 19:00:34,Кафе и рестораны,8223.07,KZT
36,Назым,Депозит Мультивалютный,Зарплатный клиент,Усть-Каменогорск,2025-08-08 09:00:27,Смотрим дома,5615.32,KZT
36,Назым,Депозит Мультивалютный,Зарплатный клиент,Усть-Каменогорск,2025-08-08 12:10:56,Продукты питания,18144.76,KZT
36,Назым,Депозит Мультивалютный,Зарплатный клиент,Усть-Каменогорск,2025-08-08 14:10:27,Такси,5376.85,KZT
36,Назым,Депозит Мультивалютный,Зарплатный клиент,Усть-Каменогорск,2025-08-08 17:40:57,Такси,4228.24,KZT
36,Назым,Депозит Мультивалютный,Зарплатный клиент,Усть-Каменогорск,2025-08-08 21:30:24,Смотрим дома,4078.23,KZT
36,Назым,Депозит Мультивалютный,Зарплатный клиент,Усть-Каменогорск,2025-08-09 09:15:04,Такси,7074.9,KZT
36,Назым,Депозит Мультивалютный,Зарплатный клиент,Усть-Каменогорск,2025-08-09 10:20:39,Играем дома,4164.54,KZT
36,Назым,Депозит Мультивалютный,Зарплатный клиент,Усть-Каменогорск,2025-08-09 13:20:00,Едим дома,5356.01,KZT
36,Назым,Депозит Мультивалютный,Зарплатный клиент,Усть-Каменогорск,2025-08-09 19:00:48,Кафе и рестораны,9482.49,KZT
36,Назым,Депозит Мультивалютный,Зарплатный клиент,Усть-Каменогорск,2025-08-10 09:30:05,Кино,6094.26,KZT
36,Назым,Депозит Мультивалютный,Зарплатный клиент,Усть-Каменогорск,2025-08-10 12:10:52,Едим дома,4700.34,KZT
36,Назым,Депозит Мультивалютный,Зарплатный клиент,Усть-Каменогорск,2025-08-10 12:10:58,Продукты питания,19969.47,KZT
36,Назым,Депозит Мультивалютный,Зарплатный клиент,Усть-Каменогорск,2025-08-10 15:20:16,Едим дома,4422.53,KZT
36,Назым,Депозит Мультивалютный,Зарплатный клиент,Усть-Каменогорск,2025-08-10 21:10:19,Кино,6344.26,KZT
36,Назым,Депозит Мультивалютный,Зарплатный клиент,Усть-Каменогорск,2025-08-11 12:10:05,Продукты питания,11514.31,KZT
36,Назым,Депозит Мультивалютный,Зарплатный клиент,Усть-Каменогорск,2025-08-11 17:20:29,Играем дома,5557.87,KZT
36,Назым,Депозит Мультивалютный,Зарплатный клиент,Усть-Каменогорск,2025-08-11 18:10:07,Кино,5432.75,KZT
36,Назым,Депозит Мультивалютный,Зарплатный клиент,Усть-Каменогорск,2025-08-11 18:30:11,Такси,6171.55,KZT
36,Назым,Депозит Мультивалютный,Зарплатный клиент,Усть-Каменогорск,2025-08-11 19:10:05,Такси,3062.82,KZT
36,Назым,Депозит Мультивалютный,Зарплатный клиент,Усть-Каменогорск,2025-08-12 10:50:20,Едим дома,4943.78,KZT
36,Назым,Депозит Мультивалютный,Зарплатный клиент,Усть-Каменогорск,2025-08-12 11:20:11,Играем дома,5453.27,KZT
36,Назым,Депозит Мультивалютный,Зарплатный клиент,Усть-Каменогорск,2025-08-12 12:10:40,Продукты питания,15229.89,KZT
36,Назым,Депозит Мультивалютный,Зарплатный клиент,Усть-Каменогорск,2025-08-12 17:30:18,Кино,8177.69,KZT
36,Назым,Депозит Мультивалютный,Зарплатный клиент,Усть-Каменогорск,2025-08-12 19:00:10,Кафе и рестораны,6599.73,KZT
36,Назым,Депозит Мультивалютный,Зарплатный клиент,Усть-Каменогорск,2025-08-14 09:15:36,Такси,3540.18,KZT
36,Назым,Депозит Мультивалютный,Зарплатный клиент,Усть-Каменогорск,2025-08-14 10:10:26,Играем дома,4835.45,KZT
36,Назым,Депозит Мультивалютный,Зарплатный клиент,Усть-Каменогорск,2025-08-14 18:10:10,Играем дома,4752.79,KZT
36,Назым,Депозит Мультивалютный,Зарплатный клиент,Усть-Каменогорск,2025-08-14 21:50:52,Едим дома,3079.23,KZT
36,Назым,Депозит Мультивалютный,Зарплатный клиент,Усть-Каменогорск,2025-08-15 09:20:54,Кафе и рестораны,3778.67,KZT
36,Назым,Депозит Мультивалютный,Зарплатный клиент,Усть-Каменогорск,2025-08-15 12:10:46,Продукты питания,17124.13,KZT
36,Назым,Депозит Мультивалютный,Зарплатный клиент,Усть-Каменогорск,2025-08-15 20:50:32,Такси,5252.74,KZT
36,Назым,Депозит Мультивалютный,Зарплатный клиент,Усть-Каменогорск,2025-08-20 09:15:22,Такси,4453.49,KZT
36,Назым,Депозит Мультивалютный,Зарплатный клиент,Усть-Каменогорск,2025-08-20 09:50:08,Кино,5079.78,KZT
36,Назым,Депозит Мультивалютный,Зарплатный клиент,Усть-Каменогорск,2025-08-20 13:50:04,Кафе и рестораны,5517.87,KZT
36,Назым,Депозит Мультивалютный,Зарплатный клиент,Усть-Каменогорск,2025-08-20 18:00:03,Играем дома,2540.7,KZT
36,Назым,Депозит Мультивалютный,Зарплатный клиент,Усть-Каменогорск,2025-08-21 08:30:02,Едим дома,4625.1,KZT
36,Назым,Депозит Мультивалютный,Зарплатный клиент,Усть-Каменогорск,2025-08-21 08:40:52,Играем дома,7878.98,KZT
36,Назым,Депозит Мультивалютный,Зарплатный клиент,Усть-Каменогорск,2025-08-21 12:10:00,Продукты питания,31651.75,KZT
36,Назым,Депозит Мультивалютный,Зарплатный клиент,Усть-Каменогорск,2025-08-21 14:40:34,Едим дома,3601.32,KZT
36,Назым,Депозит Мультивалютный,Зарплатный клиент,Усть-Каменогорск,2025-08-22 08:50:20,Играем дома,4328.02,KZT
36,Назым,Депозит Мультивалютный,Зарплатный клиент,Усть-Каменогорск,2025-08-22 12:50:57,Играем дома,5227.5,KZT
36,Назым,Депозит Мультивалютный,Зарплатный клиент,Усть-Каменогорск,2025-08-22 19:00:08,Кафе и рестораны,5242.74,KZT
36,Назым,Депозит Мультивалютный,Зарплатный клиент,Усть-Каменогорск,2025-08-22 19:30:11,Такси,5952.27,KZT
36,Назым,Депозит Мультивалютный,Зарплатный клиент,Усть-Каменогорск,2025-08-23 12:10:01,Продукты питания,11495.37,KZT
36,Назым,Депозит Мультивалютный,Зарплатный клиент,Усть-Каменогорск,2025-08-23 17:00:22,Играем дома,4061.91,KZT
36,Назым,Депозит Мультивалютный,Зарплатный клиент,Усть-Каменогорск,2025-08-23 17:20:26,Играем дома,5760.99,KZT
36,Назым,Депозит Мультивалютный,Зарплатный клиент,Усть-Каменогорск,2025-08-23 19:00:54,Кафе и рестораны,12267.79,KZT
36,Назым,Депозит Мультивалютный,Зарплатный клиент,Усть-Каменогорск,2025-08-23 21:00:17,Едим дома,6519.37,KZT
36,Назым,Депозит Мультивалютный,Зарплатный клиент,Усть-Каменогорск,2025-08-24 11:10:11,Кино,4922.59,KZT
36,Назым,Депозит Мультивалютный,Зарплатный клиент,Усть-Каменогорск,2025-08-24 12:10:17,Продукты питания,16004.72,KZT
36,Назым,Депозит Мультивалютный,Зарплатный клиент,Усть-Каменогорск,2025-08-24 13:00:17,Едим дома,4258.28,KZT
36,Назым,Депозит Мультивалютный,Зарплатный клиент,Усть-Каменогорск,2025-08-27 08:20:52,Смотрим дома,6680.46,KZT
36,Назым,Депозит Мультивалютный,Зарплатный клиент,Усть-Каменогорск,2025-08-27 09:15:17,Такси,2374.09,KZT
36,Назым,Депозит Мультивалютный,Зарплатный клиент,Усть-Каменогорск,2025-08-27 17:30:33,Такси,4961.08,KZT
36,Назым,Депозит Мультивалютный,Зарплатный клиент,Усть-Каменогорск,2025-08-27 19:00:14,Кафе и рестораны,18056.56,KZT
36,Назым,Депозит Мультивалютный,Зарплатный клиент,Усть-Каменогорск,2025-08-28 09:15:27,Такси,6974.24,KZT
36,Назым,Депозит Мультивалютный,Зарплатный клиент,Усть-Каменогорск,2025-08-28 13:50:49,Смотрим дома,3498.89,KZT
36,Назым,Депозит Мультивалютный,Зарплатный клиент,Усть-Каменогорск,2025-08-28 17:30:11,Едим дома,4454.68,KZT
36,Назым,Депозит Мультивалютный,Зарплатный клиент,Усть-Каменогорск,2025-08-28 18:30:31,АЗС,30880.12,KZT
36,Назым,Депозит Мультивалютный,Зарплатный клиент,Усть-Каменогорск,2025-08-28 19:00:50,Кафе и рестораны,7055.43,KZT
36,Назым,Депозит Мультивалютный,Зарплатный клиент,Усть-Каменогорск,2025-08-28 21:10:33,Едим дома,3677.89,KZT
36,Назым,Депозит Мультивалютный,Зарплатный клиент,Усть-Каменогорск,2025-08-29 09:15:01,Такси,7125.1,KZT
36,Назым,Депозит Мультивалютный,Зарплатный клиент,Усть-Каменогорск,2025-08-29 12:10:22,Продукты питания,17549.58,KZT
36,Назым,Депозит Мультивалютный,Зарплатный клиент,Усть-Каменогорск,2025-08-29 21:30:08,Едим дома,4289.81,KZT
36,Назым,Депозит Мультивалютный,Зарплатный клиент,Усть-Каменогорск,2025-08-31 11:10:42,Кафе и рестораны,5996.84,KZT
36,Назым,Депозит Мультивалютный,Зарплатный клиент,Усть-Каменогорск,2025-08-31 11:40:51,Смотрим дома,5032.03,KZT
36,Назым,Депозит Мультивалютный,Зарплатный клиент,Усть-Каменогорск,2025-08-31 12:10:41,Продукты питания,10787.05,KZT
36,Назым,Депозит Мультивалютный,Зарплатный клиент,Усть-Каменогорск,2025-08-31 14:30:07,Кафе и рестораны,7325.35,KZT
36,Назым,Депозит Мультивалютный,Зарплатный клиент,Усть-Каменогорск,2025-08-31 15:40:22,Едим дома,4246.52,KZT
36,Назым,Депозит Мультивалютный,Зарплатный клиент,Усть-Каменогорск,2025-08-31 18:40:19,Едим дома,5395.57,KZT
36,Назым,Депозит Мультивалютный,Зарплатный клиент,Усть-Каменогорск,2025-08-31 21:40:12,Играем дома,8878.85,KZT
